{
  "exp_name": "obs_horizon_4",
  "obs_horizon": 4,
  "pred_horizon": 16,
  "max_demos": null,
  "num_epochs": 100,
  "batch_size": 256,
  "dataset_size": 56075,
  "param_count": 33871630,
  "final_loss": 0.002272034397835589,
  "total_time_seconds": 567.5006928443909
}