{
  "exp_name": "obs_horizon_2",
  "obs_horizon": 2,
  "pred_horizon": 16,
  "max_demos": null,
  "num_epochs": 100,
  "batch_size": 256,
  "dataset_size": 57075,
  "param_count": 33804046,
  "final_loss": 0.0022936283356004765,
  "total_time_seconds": 577.8929748535156
}